{"cameraMode":{"drawMode":0,"name":"Shaded","section":"Shading Mode"},"sceneLighting":false,"audioPlay":false,"sceneViewState":{"showFog":true,"showMaterialUpdate":false,"showSkybox":true,"showFlares":true,"showImageEffects":true,"showParticleSystems":true},"in2DMode":false,"pivot":{"x":9.871292114257813,"y":-20.243629455566408,"z":55.16588592529297},"rotation":{"x":-0.13644805550575257,"y":0.8607417941093445,"z":-0.3072853088378906,"w":-0.38220587372779848},"size":168.3430938720703,"orthographic":false}