{"cameraMode":{"drawMode":0,"name":"Shaded","section":"Shading Mode"},"sceneLighting":true,"audioPlay":false,"sceneViewState":{"showFog":true,"showMaterialUpdate":false,"showSkybox":true,"showFlares":true,"showImageEffects":true,"showParticleSystems":true},"in2DMode":false,"pivot":{"x":59.06391906738281,"y":12.820045471191407,"z":22.484323501586915},"rotation":{"x":0.03877207264304161,"y":-0.9575230479240418,"z":0.24042224884033204,"w":0.1544134020805359},"size":87.86373138427735,"orthographic":true}