{"cameraMode":{"drawMode":0,"name":"Shaded","section":"Shading Mode"},"sceneLighting":true,"audioPlay":false,"sceneViewState":{"showFog":true,"showMaterialUpdate":false,"showSkybox":true,"showFlares":true,"showImageEffects":true,"showParticleSystems":true},"in2DMode":false,"pivot":{"x":235.19915771484376,"y":167.0443878173828,"z":-18.36886215209961},"rotation":{"x":-0.5229123830795288,"y":0.4411061108112335,"z":-0.3654067814350128,"w":-0.6312416791915894},"size":16.900257110595704,"orthographic":false}