{"cameraMode":{"drawMode":0,"name":"Shaded","section":"Shading Mode"},"sceneLighting":true,"audioPlay":false,"sceneViewState":{"showFog":true,"showMaterialUpdate":false,"showSkybox":true,"showFlares":true,"showImageEffects":true,"showParticleSystems":true},"in2DMode":false,"pivot":{"x":329.79998779296877,"y":177.10000610351563,"z":290.20001220703127},"rotation":{"x":0.30511000752449038,"y":-0.6074842810630798,"z":0.2721627354621887,"w":0.6810272932052612},"size":447.0752258300781,"orthographic":false}