{"cameraMode":{"drawMode":0,"name":"Shaded","section":"Shading Mode"},"sceneLighting":true,"audioPlay":false,"sceneViewState":{"showFog":true,"showMaterialUpdate":false,"showSkybox":true,"showFlares":true,"showImageEffects":true,"showParticleSystems":true},"in2DMode":false,"pivot":{"x":0.03136761486530304,"y":0.15768077969551087,"z":-1.8664406538009644},"rotation":{"x":-0.22276738286018372,"y":0.0739244818687439,"z":-0.016943590715527536,"w":-0.9719170928001404},"size":17.895854949951173,"orthographic":false}