{"cameraMode":{"drawMode":0,"name":"Shaded","section":"Shading Mode"},"sceneLighting":true,"audioPlay":false,"sceneViewState":{"showFog":true,"showMaterialUpdate":false,"showSkybox":true,"showFlares":true,"showImageEffects":true,"showParticleSystems":true},"in2DMode":false,"pivot":{"x":3.1558353900909426,"y":-0.08733353018760681,"z":2.9205751419067385},"rotation":{"x":-0.012202845886349678,"y":0.813643753528595,"z":-0.017088739201426507,"w":-0.5809845924377441},"size":8.116424560546875,"orthographic":true}