{"cameraMode":{"drawMode":0,"name":"Shaded","section":"Shading Mode"},"sceneLighting":true,"audioPlay":false,"sceneViewState":{"showFog":true,"showMaterialUpdate":false,"showSkybox":true,"showFlares":true,"showImageEffects":true,"showParticleSystems":true},"in2DMode":false,"pivot":{"x":0.31182384490966799,"y":0.6123390197753906,"z":-0.8538756370544434},"rotation":{"x":-0.17672157287597657,"y":0.5463404655456543,"z":-0.11919998377561569,"w":-0.8099833130836487},"size":7.595356464385986,"orthographic":false}