{"cameraMode":{"drawMode":0,"name":"Shaded","section":"Shading Mode"},"sceneLighting":true,"audioPlay":false,"sceneViewState":{"showFog":true,"showMaterialUpdate":false,"showSkybox":true,"showFlares":true,"showImageEffects":true,"showParticleSystems":true},"in2DMode":false,"pivot":{"x":10.069438934326172,"y":3.0811350345611574,"z":0.5808767676353455},"rotation":{"x":0.06658141314983368,"y":-0.6819936633110046,"z":0.06257741898298264,"w":0.7256278395652771},"size":7.840911865234375,"orthographic":false}