{"cameraMode":{"drawMode":0,"name":"Shaded","section":"Shading Mode"},"sceneLighting":true,"audioPlay":false,"sceneViewState":{"showFog":true,"showMaterialUpdate":false,"showSkybox":true,"showFlares":true,"showImageEffects":true,"showParticleSystems":true},"in2DMode":false,"pivot":{"x":-1.4756431579589844,"y":6.919964790344238,"z":-10.01569938659668},"rotation":{"x":-0.13934558629989625,"y":0.6408057808876038,"z":-0.1197948008775711,"w":-0.7453858256340027},"size":25.295421600341798,"orthographic":false}