{"cameraMode":{"drawMode":0,"name":"Shaded","section":"Shading Mode"},"sceneLighting":true,"audioPlay":false,"sceneViewState":{"showFog":true,"showMaterialUpdate":false,"showSkybox":true,"showFlares":true,"showImageEffects":true,"showParticleSystems":true},"in2DMode":false,"pivot":{"x":1.584167718887329,"y":9.194184303283692,"z":-0.8758574724197388},"rotation":{"x":-0.2739025354385376,"y":0.44556108117103579,"z":-0.14539934694766999,"w":-0.839828372001648},"size":64.09964752197266,"orthographic":true}