{"cameraMode":{"drawMode":0,"name":"Shaded","section":"Shading Mode"},"sceneLighting":true,"audioPlay":false,"sceneViewState":{"showFog":true,"showMaterialUpdate":false,"showSkybox":true,"showFlares":true,"showImageEffects":true,"showParticleSystems":true},"in2DMode":false,"pivot":{"x":0.6093361377716065,"y":4.475606441497803,"z":-1.6106781959533692},"rotation":{"x":0.018585914745926858,"y":0.8532842397689819,"z":-0.5202224850654602,"w":0.030485110357403756},"size":41.28824996948242,"orthographic":true}