{"cameraMode":{"drawMode":0,"name":"Shaded","section":"Shading Mode"},"sceneLighting":true,"audioPlay":false,"sceneViewState":{"showFog":true,"showMaterialUpdate":false,"showSkybox":true,"showFlares":true,"showImageEffects":true,"showParticleSystems":true},"in2DMode":false,"pivot":{"x":-2.5105903148651125,"y":-1.8726925787859728e-8,"z":0.12060105800628662},"rotation":{"x":0.15190421044826508,"y":-0.5270944833755493,"z":0.09640417993068695,"w":0.8305436372756958},"size":11.909151077270508,"orthographic":false}