{"cameraMode":{"drawMode":0,"name":"Shaded","section":"Shading Mode"},"sceneLighting":true,"audioPlay":false,"sceneViewState":{"showFog":true,"showMaterialUpdate":false,"showSkybox":true,"showFlares":true,"showImageEffects":true,"showParticleSystems":true},"in2DMode":false,"pivot":{"x":-10.432981491088868,"y":-18.99858283996582,"z":-1.1194392442703248},"rotation":{"x":-0.45066875219345095,"y":0.050032150000333789,"z":-0.025304827839136125,"w":-0.8909288644790649},"size":76.01869201660156,"orthographic":false}