{"cameraMode":{"drawMode":0,"name":"Shaded","section":"Shading Mode"},"sceneLighting":false,"audioPlay":false,"sceneViewState":{"showFog":true,"showMaterialUpdate":true,"showSkybox":true,"showFlares":true,"showImageEffects":true,"showParticleSystems":true},"in2DMode":false,"pivot":{"x":57.48323059082031,"y":47.18110656738281,"z":54.862770080566409},"rotation":{"x":-0.39027753472328188,"y":-0.13104623556137086,"z":0.056228552013635638,"w":-0.9095870852470398},"size":22.0,"orthographic":false}