{"cameraMode":{"drawMode":0,"name":"Shaded","section":"Shading Mode"},"sceneLighting":true,"audioPlay":false,"sceneViewState":{"showFog":true,"showMaterialUpdate":false,"showSkybox":true,"showFlares":true,"showImageEffects":true,"showParticleSystems":true},"in2DMode":false,"pivot":{"x":1.540788173675537,"y":3.4622561931610109,"z":17.336158752441408},"rotation":{"x":0.012832402251660824,"y":0.986297070980072,"z":-0.13577944040298463,"w":0.09282940626144409},"size":0.9165098071098328,"orthographic":false}