{"cameraMode":{"drawMode":0,"name":"Shaded","section":"Shading Mode"},"sceneLighting":true,"audioPlay":false,"sceneViewState":{"showFog":true,"showMaterialUpdate":false,"showSkybox":true,"showFlares":true,"showImageEffects":true,"showParticleSystems":true},"in2DMode":false,"pivot":{"x":0.3175696134567261,"y":0.7670727372169495,"z":0.0},"rotation":{"x":0.2124178260564804,"y":-0.17192882299423219,"z":0.03799564018845558,"w":0.9611845016479492},"size":9.819218635559082,"orthographic":true}