{"cameraMode":{"drawMode":0,"name":"Shaded","section":"Shading Mode"},"sceneLighting":false,"audioPlay":false,"sceneViewState":{"showFog":true,"showMaterialUpdate":false,"showSkybox":true,"showFlares":true,"showImageEffects":true,"showParticleSystems":true},"in2DMode":false,"pivot":{"x":70.2168197631836,"y":-63.837642669677737,"z":41.60706329345703},"rotation":{"x":-0.13644805550575257,"y":0.8607417941093445,"z":-0.3072853088378906,"w":-0.38220587372779848},"size":162.73458862304688,"orthographic":false}