{"cameraMode":{"drawMode":0,"name":"Shaded","section":"Shading Mode"},"sceneLighting":true,"audioPlay":false,"sceneViewState":{"showFog":true,"showMaterialUpdate":false,"showSkybox":true,"showFlares":true,"showImageEffects":true,"showParticleSystems":true},"in2DMode":false,"pivot":{"x":-6.266226768493652,"y":1.8179426193237305,"z":-8.893991470336914},"rotation":{"x":-0.17672157287597657,"y":0.5463404655456543,"z":-0.11919998377561569,"w":-0.8099833130836487},"size":11.621061325073243,"orthographic":false}