{"cameraMode":{"drawMode":0,"name":"Shaded","section":"Shading Mode"},"sceneLighting":false,"audioPlay":false,"sceneViewState":{"showFog":true,"showMaterialUpdate":false,"showSkybox":true,"showFlares":true,"showImageEffects":true,"showParticleSystems":true},"in2DMode":false,"pivot":{"x":-29.367530822753908,"y":43.00738525390625,"z":-99.49337768554688},"rotation":{"x":-0.4337119460105896,"y":-0.15858052670955659,"z":0.07784223556518555,"w":-0.883564829826355},"size":461.2438659667969,"orthographic":false}